id,pos,category,stereotype,lemma,level
PT2220,n,an,no,pau-no-lama,conservative
PT97,n,an,no,moleirão,conservative
PT464,n,cds,no,mentirinha,conservative
PT201,n,or,no,estúpido,conservative
PT827,n,asf,no,cretino,conservative
PT630,n,an,no,zoossexualidade,conservative
PT814,n,cds,no,chafariz,conservative
PT925,n,an,no,grosseria,conservative
PT1407,n,svp,no,gourmand,conservative
PT854,n,cds,no,chiseller,conservative
PT1310,n,an,no,diddly,conservative
PT915,n,svp,no,minginess,conservative
PT383,n,ps,yes,fall guy,conservative
PT430,n,pr,no,michê,conservative
PT324,n,dmc,yes,selvagem,conservative
PT1418,n,cds,no,delinquente,conservative
PT752,n,cds,no,vilão,conservative
PT2434,n,cds,no,puzzler,conservative
PT159,n,or,no,besta,conservative
PT1771,v,asm,no,fazer amor,conservative
PT1487,n,dmc,yes,imoralidade,conservative
PT3023,n,an,no,serpente na grama,conservative
PT1751,n,svp,no,zero à esquerda,conservative
PT246,n,svp,no,avareza,conservative
PT1235,n,cds,no,selecionar,conservative
PT1100,n,cds,no,lixos urbanos,conservative
PT617,n,ddp,yes,fera,conservative
PT201,n,dmc,yes,estúpido,conservative
PT2058,a,svp,no,vagaroso,conservative
PT2699,a,pa,yes,pedante,conservative
PT618,n,dmc,yes,fumbler,conservative
PT2256,n,re,no,máfia,conservative
PT1041,n,or,no,veado,conservative
PT937,n,asm,no,cacete,conservative
PT729,n,cds,no,elevado-high-handedness,conservative
PT1559,n,pr,no,amantes,conservative
PT125,n,asf,no,folharada,conservative
PT1984,n,ddp,yes,insensatez,conservative
PT754,n,is,yes,vilânia,conservative
PT2833,a,cds,no,covarde,conservative
PT2332,a,dmc,yes,pecaminoso,conservative
PT1218,n,or,no,conas,conservative
PT386,n,asf,no,toque suave,conservative
PT1982,n,ddp,yes,fanfarronada,conservative
PT508,n,cds,no,canalha,conservative
PT823,n,ddp,yes,changelings,conservative
PT1688,n,cds,no,facismo,conservative
PT1083,n,qas,no,charlatão,conservative
PT470,n,dmc,yes,gracejador,conservative
PT2621,n,is,yes,pedinte,conservative
PT2757,a,svp,no,arrogante,conservative
PT1736,n,cds,no,pessoa intrometida,conservative
PT119,n,cds,no,confusão,conservative
PT389,n,or,no,pillock,conservative
PT197,n,asm,no,burrice,conservative
PT2327,a,dmc,yes,má,conservative
PT322,n,qas,no,camponês,conservative
PT257,n,is,yes,parcimónia,conservative
PT2607,v,qas,no,confundir,conservative
PT1385,n,ddp,yes,ânus,conservative
PT537,n,cds,no,tratantada,conservative
PT383,n,cds,no,fall guy,conservative
PT2060,n,cds,no,mentiras,conservative
PT2052,a,dmc,yes,impolido,conservative
PT542,n,ps,yes,preto,conservative
PT2384,n,ps,yes,cafuzos,conservative
PT510,n,dmc,yes,velhaco,conservative
PT516,n,cds,no,bandidos,conservative
PT1710,a,dmc,yes,fedida,conservative
PT62,n,ddp,yes,idiotia,conservative
PT1236,n,cds,no,rejeição,conservative
PT479,a,ddp,yes,imbecil,conservative
PT614,n,cds,no,preconceito,conservative
PT1006,n,asm,no,metida,conservative
PT635,n,an,no,brutalidade,conservative
PT321,n,pa,yes,bárbaro,conservative
PT2133,a,svp,no,petulante,conservative
PT430,n,cds,no,michê,conservative
PT1239,n,cds,no,rejeitar,conservative
PT1003,n,asm,no,coito,conservative
PT319,n,ps,yes,churl,conservative
PT407,n,an,no,vadia,conservative
PT2469,n,ps,yes,crioulo,conservative
PT1255,n,cds,no,demagógica,conservative
PT2998,a,ddp,yes,tolo,conservative
PT221,n,an,no,bonehead,conservative
PT2121,a,svp,no,invejosa,conservative
PT1548,n,cds,no,caftina,conservative
PT126,n,an,no,codswallop,conservative
PT3210,n,dmc,yes,renegados,conservative
PT1267,n,ddp,yes,simplória,conservative
PT206,n,asf,no,paspalhão,conservative
PT327,n,rci,yes,indivíduo impertinente,conservative
PT323,n,dmc,yes,rústico,conservative
PT2078,n,cds,no,agiotagem,conservative
PT511,n,cds,no,traste,conservative
PT862,n,cds,no,atrevimento,conservative
PT1276,n,re,no,assaltante,conservative
PT2260,n,cds,no,mafia siciliana,conservative
PT214,n,ddp,yes,fuckhead,conservative
PT1706,a,dmc,yes,fedido,conservative
PT2240,n,cds,no,cú de ferro,conservative
PT125,n,ddp,yes,folharada,conservative
PT2475,n,ps,yes,darky,conservative
PT2859,a,svp,no,malévolo,conservative
PT1243,n,cds,no,fraudador,conservative
PT76,n,svp,no,amor próprio,conservative
PT2962,a,is,yes,miserável,conservative
PT2051,a,dmc,yes,indelicado,conservative
PT750,n,svp,no,pessoa ociosa,conservative
PT1519,n,dmc,yes,libertinismo,conservative
PT3189,a,re,no,descontrolado,conservative
PT325,n,qas,no,barbárie,conservative
PT733,n,svp,no,convencimento,conservative
PT469,n,cds,no,fabricador,conservative
PT2755,a,svp,no,ufano,conservative
PT1509,n,cds,no,pecador,conservative
PT2988,a,svp,no,libidinoso,conservative
PT388,n,or,no,pessoa estúpida,conservative
PT219,n,or,no,ignorante,conservative
PT1945,n,asf,no,garota,conservative
PT1276,n,cds,no,assaltante,conservative
PT2651,n,qas,no,mal-maker,conservative
PT1013,n,asm,no,foda,conservative
PT1349,n,dmc,yes,dissimulação,conservative
PT1059,n,or,no,gays,conservative
PT329,n,ps,yes,bárbaros,conservative
PT485,n,svp,no,intolerante,conservative
PT574,n,asf,no,retardado,conservative
PT814,n,an,no,chafariz,conservative
PT325,n,pa,yes,barbárie,conservative
PT180,n,re,no,estupradores,conservative
PT305,a,svp,no,avarento,conservative
PT535,n,cds,no,travesso,conservative
PT1084,n,ddp,yes,capadócio,conservative
PT319,n,qas,no,churl,conservative
PT2857,a,svp,no,rancoroso,conservative
PT400,n,pr,no,messalina,conservative
PT96,n,an,no,preguiçoso,conservative
PT1675,n,dmc,yes,dallier,conservative
PT1282,n,asm,no,doofus,conservative
PT508,n,is,yes,canalha,conservative
PT1170,n,cds,no,punheteiro,conservative
PT1827,n,pr,no,meretrício,conservative
PT324,n,ps,yes,selvagem,conservative
PT2317,a,dmc,yes,desalmado,conservative
PT262,n,an,no,avaro,conservative
PT212,n,or,no,hammerhead,conservative
PT1267,n,cds,no,simplória,conservative
PT1050,n,om,no,gueis,conservative
PT1062,n,ddp,yes,gossipmonger,conservative
PT810,n,an,no,bundão,conservative
PT1238,n,qas,no,abate,conservative
PT211,n,or,no,shithead,conservative
PT849,n,re,no,difamador,conservative
PT536,n,cds,no,coisa diabólica,conservative
PT3038,n,re,no,violador,conservative
PT210,n,asm,no,tolo,conservative
PT3165,n,ps,yes,cigano,conservative
PT865,n,qas,no,ralé,conservative
PT1754,n,svp,no,inútil,conservative
PT384,n,asf,no,trouxa,conservative
PT811,n,an,no,pessoa fraca,conservative
PT125,n,cds,no,folharada,conservative
PT1955,a,is,yes,paroquial,conservative
PT315,n,cds,no,bandido,conservative
PT532,n,ddp,yes,fofoqueiro,conservative
PT159,n,an,no,besta,conservative
PT197,n,an,no,burrice,conservative
PT199,n,an,no,bêtise,conservative
PT316,n,cds,no,salteador,conservative
PT719,n,cds,no,egoísta,conservative
PT1104,n,cds,no,lixo,conservative
PT940,n,cds,no,diabo,conservative
PT767,a,ddf,yes,desprezível,conservative
PT1324,n,ps,yes,jerry,conservative
PT505,n,an,no,biltre,conservative
PT768,a,dmc,yes,vil,conservative
PT927,n,asm,no,pau,conservative
PT3209,n,dmc,yes,renegado,conservative
PT1759,n,cds,no,winger direito do extremo,conservative
PT2943,n,cds,no,esnobe,conservative
PT2715,n,cds,no,resmungão,conservative
PT2153,n,dmc,yes,chouriço,conservative
PT2188,n,svp,no,slacker,conservative
PT384,n,ps,yes,trouxa,conservative
PT2762,a,svp,no,birrento,conservative
PT1073,n,ddp,yes,traidor,conservative
PT3178,a,cds,no,venal,conservative
PT199,n,asm,no,bêtise,conservative
PT503,n,cds,no,maroto,conservative
PT199,n,ddp,yes,bêtise,conservative
PT410,n,pr,no,rapariga,conservative
PT662,n,pr,no,vaca,conservative
PT1753,n,dmc,yes,imprestável,conservative
PT2460,n,dmc,yes,metade-pinta,conservative
PT556,n,cds,no,pessoa desleixada,conservative
PT632,n,ddp,yes,bestialidade,conservative
PT462,n,cds,no,gracejar,conservative
PT2057,a,dmc,yes,vadio,conservative
PT2131,a,svp,no,irritável,conservative
PT2251,n,cds,no,agente,conservative
PT1667,n,svp,no,furia,conservative
PT220,n,asf,no,lunkhead,conservative
PT2686,a,or,no,exigente,conservative
PT1798,a,cds,no,finório,conservative
PT517,n,cds,no,fora da lei,conservative
PT1217,n,asf,no,xavasca,conservative
PT207,n,asf,no,anjinho,conservative
PT518,n,cds,no,fora-de-lei,conservative
PT2008,n,an,no,inexorableness,conservative
PT2075,n,cds,no,loansharking,conservative
PT1145,n,an,no,vamper,conservative
PT2189,n,cds,no,mandrião,conservative
PT1285,n,dmc,yes,desperdiçador,conservative
PT382,n,cds,no,sabichona,conservative
PT509,n,an,no,tratante,conservative
PT2115,a,om,no,gay,conservative
PT1590,n,dmc,yes,foetor,conservative
PT1056,n,or,no,homo,conservative
PT311,n,cds,no,cangaceiro,conservative
PT2796,n,an,no,cordeiro,conservative
PT479,a,cds,no,imbecil,conservative
PT858,n,dmc,yes,vigarista,conservative
PT210,n,asf,no,tolo,conservative
PT127,n,an,no,folderol,conservative
PT756,n,dmc,yes,viloa,conservative
PT1204,n,cds,no,recruta,conservative
PT2435,n,cds,no,adivinha,conservative
PT98,n,svp,no,molenga,conservative
PT178,n,re,no,violação,conservative
PT1553,n,cds,no,cafetões,conservative
PT1306,n,an,no,merda,conservative
PT262,n,svp,no,avaro,conservative
PT1312,n,an,no,diddley,conservative
PT1512,a,is,yes,triste,conservative
PT1756,n,dmc,yes,bom-para-nada,conservative
PT946,n,cds,no,dificuldade,conservative
PT319,n,dmc,yes,churl,conservative
PT1676,n,dmc,yes,dilly-dallier,conservative
PT1078,n,cds,no,covardia,conservative
PT756,n,is,yes,viloa,conservative
PT860,n,cds,no,grifter,conservative
PT2053,a,svp,no,indecente,conservative
PT1957,a,is,yes,tacanho,conservative
PT588,n,an,no,corno,conservative
PT2271,n,an,no,batoque,conservative
PT2472,n,ps,yes,negão,conservative
PT752,n,dmc,yes,vilão,conservative
PT2056,n,dmc,yes,pessoa l,conservative
PT1755,n,svp,no,galanteador,conservative
PT510,n,cds,no,velhaco,conservative
PT159,n,asf,no,besta,conservative
PT2756,a,svp,no,presunçoso,conservative
PT203,n,an,no,fathead,conservative
PT1552,n,cds,no,aquisição,conservative
PT208,n,asm,no,saphead,conservative
PT753,n,an,no,vilanismo,conservative
PT2710,n,is,yes,maltrapilho,conservative
PT506,n,an,no,patife,conservative
PT224,n,ddp,yes,pessoa sem educação,conservative
PT1051,n,or,no,lésbica,conservative
PT1061,n,om,no,twink,conservative
PT1542,n,cds,no,safado,conservative
PT758,n,an,no,vilões,conservative
PT1457,a,qas,no,frenético,conservative
PT1151,n,asm,no,credulidade,conservative
PT533,n,cds,no,paroleiro,conservative
PT2460,n,ddf,yes,metade-pinta,conservative
PT747,n,dmc,yes,hobo,conservative
PT1677,n,svp,no,futilidade,conservative
PT1826,n,pr,no,john,conservative
PT1236,n,qas,no,rejeição,conservative
PT857,n,dmc,yes,canteiro,conservative
PT312,n,cds,no,facínora,conservative
PT718,n,cds,no,egoísmo,conservative
PT1040,n,or,no,poove,conservative
PT1770,v,asm,no,dormir com,conservative
PT1323,n,ps,yes,krauthead,conservative
PT2219,n,an,no,molengão,conservative
PT266,n,ddp,yes,tagarela,conservative
PT325,n,cds,no,barbárie,conservative
PT511,n,dmc,yes,traste,conservative
PT266,n,cds,no,tagarela,conservative
PT1217,n,or,no,xavasca,conservative
PT1150,n,asm,no,ingenuidade,conservative
PT821,n,ps,yes,débil mental,conservative
PT1543,n,cds,no,proxeneta,conservative
PT1707,a,dmc,yes,fedorento,conservative
PT2470,n,ps,yes,nigra,conservative
PT428,n,an,no,mulherinha,conservative
PT2151,n,dmc,yes,gatuno,conservative
PT1760,n,cds,no,reacionário,conservative
PT322,n,pa,yes,camponês,conservative
PT321,n,dmc,yes,bárbaro,conservative
PT320,n,ps,yes,cafajeste,conservative
PT1081,n,cds,no,impostor,conservative
PT2043,n,dmc,yes,impostora,conservative
PT821,n,ddp,yes,débil mental,conservative
PT387,n,ps,yes,patsy,conservative
PT1479,n,qas,no,diletante,conservative
PT2010,n,an,no,inexorabilidade,conservative
PT1095,n,cds,no,veículos abandonados,conservative
PT1064,n,ddp,yes,gossiper,conservative
PT1551,n,cds,no,lenocínio,conservative
PT1279,n,ddp,yes,basbaque,conservative
PT749,n,dmc,yes,faz-nada,conservative
PT1508,n,cds,no,pecadora,conservative
PT175,n,re,no,calúnia,conservative
PT265,n,an,no,avarento,conservative
PT425,n,an,no,gigolô,conservative
PT179,n,re,no,estuprador,conservative
PT755,n,cds,no,vilã,conservative
PT766,a,dmc,yes,mau,conservative
PT2910,a,ddf,yes,decepcionante,conservative
PT2385,n,ps,yes,mestiçagem,conservative
PT389,n,cds,no,pillock,conservative
PT2757,a,cds,no,arrogante,conservative
PT820,n,asf,no,boboca,conservative
PT1546,n,cds,no,alcoviteira,conservative
PT826,n,asf,no,retardar,conservative
PT2035,n,dmc,yes,enganador,conservative
PT207,n,cds,no,anjinho,conservative
PT1904,a,svp,no,guloso,conservative
PT1147,n,an,no,prickteaser,conservative
PT2809,a,ddp,yes,pecuário,conservative
PT2255,n,cds,no,policiais,conservative
PT477,a,ddp,yes,idiota,conservative
PT583,n,re,no,chantagem,conservative
PT205,n,an,no,bobo,conservative
PT1071,n,ddp,yes,delator,conservative
PT2555,n,cds,no,timeserver,conservative
PT3208,n,dmc,yes,tornadiço,conservative
PT753,n,is,yes,vilanismo,conservative
PT2963,a,qas,no,lastimoso,conservative
PT2034,n,cds,no,trapaceiro,conservative
PT753,n,re,no,vilanismo,conservative
PT1892,n,cds,no,o unwashed grande,conservative
PT1983,n,ddp,yes,non-sense,conservative
PT225,n,an,no,não sabe nada,conservative
PT263,n,svp,no,avarenta,conservative
PT198,n,asm,no,estupidez,conservative
PT1520,n,dmc,yes,libertinos,conservative
PT510,n,re,no,velhaco,conservative
PT415,n,asf,no,meretriz,conservative
PT96,n,svp,no,preguiçoso,conservative
PT574,n,ps,yes,retardado,conservative
PT1060,n,om,no,sapatão,conservative
PT554,n,cds,no,remendão,conservative
PT201,n,ps,yes,estúpido,conservative
PT2692,n,dmc,yes,retardatário,conservative
PT593,n,dmc,yes,estroina,conservative
PT2234,n,cds,no,cdf,conservative
PT510,n,an,no,velhaco,conservative
PT1142,n,ddp,yes,loucura,conservative
PT1406,n,svp,no,trencher,conservative
PT198,n,ddp,yes,estupidez,conservative
PT1773,v,asm,no,copular,conservative
PT2257,n,re,no,cosa nostra,conservative
PT511,n,re,no,traste,conservative
PT504,n,an,no,desonestos,conservative
PT2646,v,asm,no,trapacear,conservative
PT627,n,an,no,zooerasty,conservative
PT1267,n,an,no,simplória,conservative
PT2568,n,dmc,yes,malandro,conservative
PT1219,n,asf,no,vagina,conservative
PT1755,n,dmc,yes,galanteador,conservative
PT2474,n,ps,yes,mano,conservative
PT1572,n,cds,no,facista,conservative
PT728,n,cds,no,altivez,conservative
PT209,n,an,no,imbecil,conservative
PT3011,n,cds,no,picar,conservative
PT221,n,ddp,yes,bonehead,conservative
PT1242,n,cds,no,tricker,conservative
PT397,n,ddp,yes,ludibriado,conservative
PT1108,n,cds,no,detritos residuais,conservative
PT1055,n,om,no,guei,conservative
PT401,n,pr,no,cafetina,conservative
PT2236,n,cds,no,cê-dê-efe,conservative
PT732,n,cds,no,hauteur,conservative
PT594,n,dmc,yes,rakehell,conservative
PT1397,n,cds,no,espartalhão,conservative
PT410,n,an,no,rapariga,conservative
PT2810,a,ddp,yes,animal,conservative
PT2643,v,asm,no,estafar,conservative
PT387,n,asm,no,patsy,conservative
PT98,n,an,no,molenga,conservative
PT2328,a,dmc,yes,malvado,conservative
PT1703,n,asf,no,busseta,conservative
PT634,n,an,no,crueldade,conservative
PT404,n,an,no,peripatética,conservative
PT128,n,cds,no,perseguidor,conservative
PT206,n,an,no,paspalhão,conservative
PT1941,n,asf,no,brasa,conservative
PT2758,a,cds,no,orgulhoso,conservative
PT1571,n,cds,no,fascista,conservative
PT503,n,re,no,maroto,conservative
PT824,n,asf,no,parvo,conservative
PT731,n,cds,no,alta imparcialidade,conservative
PT2750,n,cds,no,masturbando,conservative
PT914,n,svp,no,tightfistedness,conservative
PT917,n,svp,no,niggardness,conservative
PT1597,n,cds,no,wangler,conservative
PT462,n,qas,no,gracejar,conservative
PT386,n,an,no,toque suave,conservative
PT1239,n,qas,no,rejeitar,conservative
PT1055,n,or,no,guei,conservative
PT2989,a,svp,no,lascivo,conservative
PT1284,n,ps,yes,uprooter,conservative
PT208,n,asf,no,saphead,conservative
PT2436,n,cds,no,enigma,conservative
PT2753,n,asm,no,emprego de mão,conservative
PT388,n,cds,no,pessoa estúpida,conservative
PT820,n,ddp,yes,boboca,conservative
PT215,n,asm,no,pateta,conservative
PT2682,n,cds,no,sabe-tudo,conservative
PT2447,n,ps,yes,mongolóide,conservative
PT743,n,cds,no,fulano,conservative
PT2189,n,svp,no,mandrião,conservative
PT636,n,ddp,yes,selvageria,conservative
PT1072,n,ddp,yes,informante,conservative
PT506,n,re,no,patife,conservative
PT413,n,an,no,prostituta,conservative
PT1063,n,ddp,yes,rumourmonger,conservative
PT324,n,pa,yes,selvagem,conservative
PT324,n,ddp,yes,selvagem,conservative
PT464,n,qas,no,mentirinha,conservative
PT935,n,asm,no,caralho,conservative
PT2621,n,qas,no,pedinte,conservative
PT8,n,svp,no,preguiça,conservative
PT2014,n,cds,no,pomposidade,conservative
PT213,n,ddp,yes,knucklehead,conservative
PT3054,a,svp,no,imperioso,conservative
PT533,n,ddp,yes,paroleiro,conservative
PT812,n,an,no,wuss,conservative
PT2059,a,dmc,yes,preguiçoso,conservative
PT201,n,asf,no,estúpido,conservative
PT434,n,pr,no,garotos de,conservative
PT855,n,dmc,yes,chiseler,conservative
PT630,n,ddp,yes,zoossexualidade,conservative
PT385,n,ddp,yes,otário,conservative
PT1011,n,asm,no,shtup,conservative
PT2714,n,cds,no,sniveller,conservative
PT1267,n,or,no,simplória,conservative
PT55,n,qas,no,amadorismo,conservative
PT2570,n,dmc,yes,trickster,conservative
PT1550,n,cds,no,cáften,conservative
PT1243,n,dmc,yes,fraudador,conservative
PT220,n,an,no,lunkhead,conservative
PT504,n,re,no,desonestos,conservative
PT183,n,re,no,estupro,conservative
PT515,n,cds,no,proscrição,conservative
PT1285,n,ps,yes,desperdiçador,conservative
PT1169,n,cds,no,masturbar-,conservative
PT204,n,ps,yes,idiota,conservative
PT1280,n,ps,yes,palerma,conservative
PT1592,n,dmc,yes,catinga,conservative
PT1282,n,ps,yes,doofus,conservative
PT1251,n,qas,no,borrador,conservative
PT3206,n,dmc,yes,desertor,conservative
PT1957,a,an,no,tacanho,conservative
PT1418,n,dmc,yes,delinquente,conservative
PT570,n,cds,no,cuzão,conservative
PT2446,n,ps,yes,raça amarela,conservative
PT1046,n,or,no,poof,conservative
PT482,a,ddp,yes,infantil,conservative
PT2711,n,cds,no,chorão,conservative
PT922,n,an,no,vulgaridade,conservative
PT611,n,cds,no,vaunter,conservative
PT1198,n,ps,yes,mestiços,conservative
PT436,n,qas,no,mentira,conservative
PT628,n,an,no,zooerastia,conservative
PT184,n,re,no,estuprada,conservative
PT1244,n,asf,no,moça,conservative
PT2045,n,dmc,yes,falsário,conservative
PT2509,n,cds,no,satiríase,conservative
PT1763,n,cds,no,reaccionarismo,conservative
PT1515,n,dmc,yes,libertina,conservative
PT570,n,ddp,yes,cuzão,conservative
PT204,n,cds,no,idiota,conservative
PT387,n,cds,no,patsy,conservative
PT259,n,svp,no,muquirana,conservative
PT2688,v,an,no,enfurecer-se,conservative
PT1794,a,cds,no,tricky,conservative
PT628,n,ddp,yes,zooerastia,conservative
PT1833,n,pr,no,sexuais comerciais,conservative
PT2257,n,cds,no,cosa nostra,conservative
PT1221,n,asf,no,buceta,conservative
PT2068,n,svp,no,gorger,conservative
PT322,n,ps,yes,camponês,conservative
PT2853,n,pr,no,hogwash,conservative
PT265,n,is,yes,avarento,conservative
PT2961,a,is,yes,pobre,conservative
PT2058,a,dmc,yes,vagaroso,conservative
PT2505,n,cds,no,nympho,conservative
PT1083,n,cds,no,charlatão,conservative
PT1986,n,ddp,yes,non sense,conservative
PT311,n,dmc,yes,cangaceiro,conservative
PT826,n,ddp,yes,retardar,conservative
PT733,n,cds,no,convencimento,conservative
PT324,n,rci,yes,selvagem,conservative
PT215,n,cds,no,pateta,conservative
PT497,n,cds,no,gang,conservative
PT1266,a,ddp,yes,crédulo,conservative
PT2130,a,svp,no,irascível,conservative
PT386,n,ps,yes,toque suave,conservative
PT77,n,svp,no,presunção,conservative
PT721,n,cds,no,descaramento,conservative
PT1083,n,ddp,yes,charlatão,conservative
PT2751,n,cds,no,masturbação,conservative
PT423,n,pr,no,gigolo,conservative
PT521,n,cds,no,proibida,conservative
PT2944,n,cds,no,wisenheimer,conservative
PT392,n,or,no,agrião-mouro,conservative
PT2445,n,ps,yes,amarelo,conservative
PT1577,n,cds,no,um rápido,conservative
PT304,a,is,yes,ávido,conservative
PT2858,a,svp,no,maldoso,conservative
PT618,n,cds,no,fumbler,conservative
PT2420,n,ddp,yes,estupido,conservative
PT1924,n,cds,no,hubris,conservative
PT1065,n,ddp,yes,boateiro,conservative
PT204,n,asm,no,idiota,conservative
PT859,n,dmc,yes,defraudador,conservative
PT208,n,ddp,yes,saphead,conservative
PT1673,n,svp,no,lastimador,conservative
PT2635,v,qas,no,frustrar,conservative
PT264,n,is,yes,mão-de-vaca,conservative
PT2261,n,re,no,mafiosos,conservative
PT813,n,cds,no,fracote,conservative
PT2471,n,ps,yes,nigger,conservative
PT211,n,asf,no,shithead,conservative
PT214,n,an,no,fuckhead,conservative
PT219,n,asf,no,ignorante,conservative
PT3036,n,re,no,debaucher,conservative
PT1767,v,asm,no,transar,conservative
PT1959,n,cds,no,diabrete,conservative
PT2056,n,cds,no,pessoa l,conservative
PT827,n,ps,yes,cretino,conservative
PT396,n,ddp,yes,vítima,conservative
PT1126,n,cds,no,foxiness,conservative
PT1216,n,or,no,xoxota,conservative
PT2902,n,cds,no,bajulador,conservative
PT1956,a,an,no,ávaro,conservative
PT1777,v,asm,no,comer,conservative
PT617,n,an,no,fera,conservative
PT2758,a,svp,no,orgulhoso,conservative
PT220,n,or,no,lunkhead,conservative
PT79,n,svp,no,amour propre,conservative
PT413,n,pr,no,prostituta,conservative
PT260,n,is,yes,sovinice,conservative
PT208,n,cds,no,saphead,conservative
PT2760,a,svp,no,rabugento,conservative
PT2634,v,qas,no,incomodar,conservative
PT221,n,asf,no,bonehead,conservative
PT851,n,re,no,maligner,conservative
PT754,n,re,no,vilânia,conservative
PT286,n,svp,no,sovina,conservative
PT751,n,dmc,yes,layabout,conservative
PT755,n,an,no,vilã,conservative
PT215,n,ps,yes,pateta,conservative
PT1058,n,or,no,homossexual,conservative
PT1433,n,is,yes,mendigo,conservative
PT222,n,or,no,muttonhead,conservative
PT2259,n,re,no,máfias italianas,conservative
PT2851,n,pr,no,petulante,conservative
PT815,n,cds,no,covarde,conservative
PT511,n,an,no,traste,conservative
PT2285,n,dmc,yes,aldeão,conservative
PT1719,n,cds,no,reservatório de ar,conservative
PT754,n,an,no,vilânia,conservative
PT2838,a,ddp,yes,juvenil,conservative
PT865,n,ddp,yes,ralé,conservative
PT1754,n,dmc,yes,inútil,conservative
PT507,n,an,no,bilontra,conservative
PT1015,n,asm,no,parte da cauda,conservative
PT528,n,cds,no,denunciador,conservative
PT127,n,ddp,yes,folderol,conservative
PT1205,n,cds,no,novato,conservative
PT325,n,dmc,yes,barbárie,conservative
PT1223,n,or,no,boceta,conservative
PT139,n,cds,no,multidão,conservative
PT2716,n,cds,no,bellyacher,conservative
PT306,a,svp,no,ganancioso,conservative
PT131,n,svp,no,fanatismo,conservative
PT478,a,ddp,yes,estúpido,conservative
PT1237,n,cds,no,abater,conservative
PT1171,n,asm,no,twirp,conservative
PT820,n,ps,yes,boboca,conservative
PT62,n,ps,yes,idiotia,conservative
PT2149,n,cds,no,schoolma'am,conservative
PT316,n,re,no,salteador,conservative
PT539,n,cds,no,travessuras de tomada de,conservative
PT1766,v,asm,no,foder,conservative
PT2013,n,cds,no,fausto,conservative
PT261,n,svp,no,pão-duro,conservative
PT612,n,cds,no,linha-atirador,conservative
PT1708,a,dmc,yes,fedorenta,conservative
PT392,n,cds,no,agrião-mouro,conservative
PT2691,n,dmc,yes,loiterer,conservative
PT320,n,qas,no,cafajeste,conservative
PT748,n,svp,no,vadio,conservative
PT204,n,an,no,idiota,conservative
PT857,n,cds,no,canteiro,conservative
PT938,n,asm,no,jeba,conservative
PT409,n,pr,no,puta,conservative
PT1619,a,dmc,yes,artificial,conservative
PT325,n,ps,yes,barbárie,conservative
PT2009,n,an,no,implacabilidade,conservative
PT2286,n,cds,no,chawbacon,conservative
PT1942,n,asf,no,rabo-de-saia,conservative
PT217,n,ddp,yes,burro,conservative
PT495,n,cds,no,gangue,conservative
PT2116,a,om,no,homossexual,conservative
PT1538,n,cds,no,cain marko,conservative
PT1261,n,pr,no,concubina,conservative
PT509,n,re,no,tratante,conservative
PT329,n,dmc,yes,bárbaros,conservative
PT2987,a,svp,no,devasso,conservative
PT3028,a,ddf,yes,feia,conservative
PT1269,n,ddp,yes,matarruano,conservative
PT2959,a,qas,no,coitado,conservative
PT390,n,cds,no,compressa quente,conservative
PT1409,n,svp,no,rapa de tacho,conservative
PT2948,a,dmc,yes,imunda,conservative
PT213,n,asf,no,knucklehead,conservative
PT921,n,cds,no,bagunça,conservative
PT2832,a,cds,no,covardemente,conservative
PT2356,n,svp,no,superbia,conservative
PT304,a,svp,no,ávido,conservative
PT3214,n,dmc,yes,treasonist,conservative
PT1618,a,dmc,yes,falso,conservative
PT313,n,re,no,ladrão,conservative
PT928,n,asm,no,piroca,conservative
PT1000,n,asm,no,aparafusar,conservative
PT209,n,asm,no,imbecil,conservative
PT1286,n,ps,yes,destruidor,conservative
PT207,n,ddp,yes,anjinho,conservative
PT405,n,an,no,cortesã,conservative
PT2507,n,cds,no,hipersexualidade,conservative
PT2330,a,dmc,yes,hediondo,conservative
PT1109,n,cds,no,resíduo urbano,conservative
PT534,n,cds,no,mexeriqueiro,conservative
PT1052,n,om,no,gay,conservative
PT433,n,an,no,acompanhante masculino,conservative
PT1014,n,asm,no,transa,conservative
PT748,n,dmc,yes,vadio,conservative
PT1674,n,svp,no,dillydallier,conservative
PT1922,n,cds,no,hybris,conservative
PT1547,n,cds,no,rufião,conservative
PT1268,n,asf,no,simplório,conservative
PT731,n,svp,no,alta imparcialidade,conservative
PT321,n,qas,no,bárbaro,conservative
PT509,n,dmc,yes,tratante,conservative
PT554,n,an,no,remendão,conservative
PT1795,a,cds,no,ardiloso,conservative
PT618,n,qas,no,fumbler,conservative
PT209,n,ddp,yes,imbecil,conservative
PT79,n,cds,no,amour propre,conservative
PT387,n,ddp,yes,patsy,conservative
PT2449,n,ps,yes,raça mongólica,conservative
PT503,n,dmc,yes,maroto,conservative
PT1517,n,dmc,yes,libertinagem,conservative
PT2316,a,dmc,yes,bárbaro,conservative
PT2006,n,ddp,yes,ignorância,conservative
PT2011,n,cds,no,splashiness,conservative
PT2598,n,cds,no,mentirona,conservative
PT3071,n,re,no,terrorismos,conservative
PT314,n,dmc,yes,bandoleiro,conservative
PT817,n,an,no,medroso,conservative
PT1087,n,ddp,yes,fraude de saúde,conservative
PT215,n,or,no,pateta,conservative
PT499,n,cds,no,quadrilha,conservative
PT3148,n,an,no,hoaxes,conservative
PT429,n,pr,no,rentboy,conservative
PT848,n,re,no,desacreditador,conservative
PT96,n,dmc,yes,preguiçoso,conservative
PT2834,a,cds,no,cobarde,conservative
PT1762,n,cds,no,ultraconservador,conservative
PT2622,n,qas,no,batedor,conservative
PT1240,n,cds,no,cut-up,conservative
PT758,n,dmc,yes,vilões,conservative
PT1834,n,pr,no,prostituto,conservative
PT384,n,ddp,yes,trouxa,conservative
PT1042,n,om,no,viado,conservative
PT2286,n,dmc,yes,chawbacon,conservative
PT1348,n,dmc,yes,falso,conservative
PT751,n,svp,no,layabout,conservative
PT181,n,re,no,estupros,conservative
PT2259,n,cds,no,máfias italianas,conservative
PT323,n,rci,yes,rústico,conservative
PT819,n,asf,no,idiotice,conservative
PT748,n,cds,no,vadio,conservative
PT400,n,an,no,messalina,conservative
PT2905,n,cds,no,fawner,conservative
PT209,n,asf,no,imbecil,conservative
PT202,n,an,no,asno,conservative
PT1065,n,cds,no,boateiro,conservative
PT1979,n,ddp,yes,disparate,conservative
PT1981,n,ddp,yes,nonsense,conservative
PT2402,n,an,no,pip-squeak,conservative
PT1048,n,om,no,paneleiro,conservative
PT1057,n,om,no,homófilas,conservative
PT860,n,dmc,yes,grifter,conservative
PT1737,n,cds,no,espectador,conservative
PT755,n,re,no,vilã,conservative
PT211,n,ddp,yes,shithead,conservative
PT2855,n,pr,no,disparates,conservative
PT1678,n,re,no,mafioso,conservative
PT847,n,re,no,caluniador,conservative
PT408,n,asf,no,menina,conservative
PT204,n,or,no,idiota,conservative
PT1756,n,svp,no,bom-para-nada,conservative
PT1325,n,ps,yes,kraut,conservative
PT1268,n,ddp,yes,simplório,conservative
PT534,n,ddp,yes,mexeriqueiro,conservative
PT2781,a,dmc,yes,farsante,conservative
PT1042,n,or,no,viado,conservative
PT584,n,re,no,chantageado,conservative
PT3069,n,re,no,terrorrista,conservative
PT509,n,cds,no,tratante,conservative
PT519,n,cds,no,malfeitor,conservative
PT1439,n,an,no,nanus,conservative
PT384,n,asm,no,trouxa,conservative
PT1928,n,cds,no,wheeler dealer,conservative
PT1544,n,cds,no,proxenetismo,conservative
PT322,n,rci,yes,camponês,conservative
PT1687,n,cds,no,nazi-fascistas,conservative
PT477,a,cds,no,idiota,conservative
PT744,n,qas,no,vagabundo,conservative
PT201,n,qas,no,estúpido,conservative
PT2188,n,dmc,yes,slacker,conservative
PT435,n,qas,no,falsidade,conservative
PT589,n,an,no,chifrudo,conservative
PT1513,a,cds,no,grosseiro,conservative
PT1672,n,svp,no,cólera,conservative
PT2849,a,cds,no,demagógico,conservative
PT2693,n,dmc,yes,leviano,conservative
PT822,n,asf,no,changeling,conservative
PT327,n,cds,no,indivíduo impertinente,conservative
PT1223,n,asf,no,boceta,conservative
PT1221,n,or,no,buceta,conservative
PT595,n,ddp,yes,bobagem,conservative
PT64,n,asf,no,amência,conservative
PT577,n,cds,no,bobão,conservative
PT1510,a,dmc,yes,desastroso,conservative
PT1541,n,cds,no,cafetão,conservative
PT209,n,or,no,imbecil,conservative
PT746,n,qas,no,vagabunda,conservative
PT1923,n,cds,no,húbris,conservative
PT3080,n,ddp,yes,caturra,conservative
PT2318,a,dmc,yes,cruel,conservative
PT3124,n,pr,no,megera,conservative
PT1631,n,cds,no,viciado,conservative
PT214,n,asf,no,fuckhead,conservative
PT1101,n,cds,no,resíduos,conservative
PT2059,a,svp,no,preguiçoso,conservative
PT323,n,pa,yes,rústico,conservative
PT405,n,pr,no,cortesã,conservative
PT1596,n,cds,no,finagler,conservative
PT746,n,an,no,vagabunda,conservative
PT1751,n,dmc,yes,zero à esquerda,conservative
PT822,n,ddp,yes,changeling,conservative
PT2073,n,cds,no,usurário,conservative
PT2450,n,ps,yes,mongolóides,conservative
PT1757,n,dmc,yes,estouvada,conservative
PT591,n,an,no,por os cornos ao marido,conservative
PT1148,n,an,no,coquete,conservative
PT313,n,cds,no,ladrão,conservative
PT1632,n,cds,no,adicto,conservative
PT1040,n,om,no,poove,conservative
PT730,n,svp,no,orgulho,conservative
PT758,n,re,no,vilões,conservative
PT212,n,ddp,yes,hammerhead,conservative
PT388,n,ddp,yes,pessoa estúpida,conservative
PT1311,n,an,no,porcaria,conservative
PT615,n,cds,no,dogmatismo,conservative
PT613,n,cds,no,bragger,conservative
PT411,n,pr,no,devassa,conservative
PT1438,n,an,no,anã,conservative
PT3039,n,re,no,violadora,conservative
PT1927,n,cds,no,hustling,conservative
PT2753,n,cds,no,emprego de mão,conservative
PT3068,n,re,no,bombista,conservative
PT1220,n,or,no,rata,conservative
PT329,n,ddp,yes,bárbaros,conservative
PT1675,n,svp,no,dallier,conservative
PT856,n,dmc,yes,scammer,conservative
PT1671,n,svp,no,furor,conservative
PT1270,a,ddp,yes,ingénuo,conservative
PT478,a,cds,no,estúpido,conservative
PT3012,n,cds,no,dweeb,conservative
PT826,n,ps,yes,retardar,conservative
PT631,n,an,no,bestialismo,conservative
PT215,n,ddp,yes,pateta,conservative
PT1346,n,dmc,yes,dissimulador,conservative
PT1799,a,cds,no,astuto,conservative
PT2696,n,an,no,aproveitador,conservative
PT2681,n,cds,no,sabichão,conservative
PT1946,n,asf,no,gata,conservative
PT94,n,svp,no,inércia,conservative
PT739,n,an,no,git,conservative
PT1674,n,dmc,yes,dillydallier,conservative
PT572,n,ddp,yes,dickhead,conservative
PT206,n,asm,no,paspalhão,conservative
PT1888,n,cds,no,massas,conservative
PT3029,a,ddf,yes,feio,conservative
PT416,n,pr,no,quenga,conservative
PT1828,n,pr,no,prostitutas,conservative
PT850,n,re,no,libeler,conservative
PT2249,n,cds,no,tira,conservative
PT852,n,re,no,vilifier,conservative
PT1626,n,cds,no,bufão,conservative
PT329,n,cds,no,bárbaros,conservative
PT2280,n,an,no,parasita,conservative
PT97,n,svp,no,moleirão,conservative
PT2032,n,cds,no,calígrafo,conservative
PT2381,n,ps,yes,mestiço,conservative
PT2015,n,cds,no,ostentação,conservative
PT508,n,an,no,canalha,conservative
PT1050,n,or,no,gueis,conservative
PT750,n,dmc,yes,pessoa ociosa,conservative
PT1084,n,cds,no,capadócio,conservative
PT217,n,or,no,burro,conservative
PT1280,n,ddp,yes,palerma,conservative
PT2256,n,cds,no,máfia,conservative
PT752,n,re,no,vilão,conservative
PT1595,n,dmc,yes,fumegar,conservative
PT126,n,cds,no,codswallop,conservative
PT2754,a,svp,no,altivo,conservative
PT823,n,asf,no,changelings,conservative
PT314,n,cds,no,bandoleiro,conservative
PT2618,n,an,no,sanguessuga,conservative
PT2060,n,qas,no,mentiras,conservative
PT732,n,svp,no,hauteur,conservative
PT1059,n,om,no,gays,conservative
PT572,n,cds,no,dickhead,conservative
PT2829,a,svp,no,egoísta,conservative
PT1043,n,om,no,bicha,conservative
PT2946,n,cds,no,weisenheimer,conservative
PT2623,n,qas,no,moocher,conservative
PT2129,a,svp,no,colérico,conservative
PT2076,n,cds,no,shylock,conservative
PT980,n,cds,no,professora,conservative
PT1957,a,svp,no,tacanho,conservative
PT131,n,cds,no,fanatismo,conservative
PT471,n,cds,no,mentiroso,conservative
PT506,n,cds,no,patife,conservative
PT315,n,dmc,yes,bandido,conservative
PT387,n,an,no,patsy,conservative
PT508,n,dmc,yes,canalha,conservative
PT2610,n,an,no,chaser saia,conservative
PT2285,n,cds,no,aldeão,conservative
PT1540,n,cds,no,alcoviteiro,conservative
PT1269,n,asf,no,matarruano,conservative
PT3213,n,dmc,yes,traidora,conservative
PT2687,v,an,no,irromper,conservative
PT1764,n,cds,no,reacionária,conservative
PT2624,n,qas,no,mooch,conservative
PT159,n,ddp,yes,besta,conservative
PT2750,n,asm,no,masturbando,conservative
PT313,n,dmc,yes,ladrão,conservative
PT316,n,dmc,yes,salteador,conservative
PT2187,n,cds,no,preguiçosos,conservative
PT754,n,cds,no,vilânia,conservative
PT315,n,re,no,bandido,conservative
PT858,n,cds,no,vigarista,conservative
PT608,n,cds,no,fanfarrão,conservative
PT2420,n,asm,no,estupido,conservative
PT1322,n,ps,yes,boche,conservative
PT2963,a,is,yes,lastimoso,conservative
PT1507,n,dmc,yes,maldade,conservative
PT746,n,pr,no,vagabunda,conservative
PT1008,n,asm,no,nooky,conservative
PT2057,a,svp,no,vadio,conservative
PT816,n,an,no,medricas,conservative
PT319,n,pa,yes,churl,conservative
PT2987,a,dmc,yes,devasso,conservative
PT945,n,cds,no,obstáculo,conservative
PT205,n,cds,no,bobo,conservative
PT924,n,an,no,raunch,conservative
PT2077,n,cds,no,agiota,conservative
PT1304,n,an,no,bosta,conservative
PT64,n,ddp,yes,amência,conservative
PT126,n,ddp,yes,codswallop,conservative
PT1792,n,cds,no,corte literária,conservative
PT284,n,svp,no,cheapskate,conservative
PT2437,n,cds,no,mistificador,conservative
PT507,n,dmc,yes,bilontra,conservative
PT323,n,cds,no,rústico,conservative
PT224,n,an,no,pessoa sem educação,conservative
PT1235,n,qas,no,selecionar,conservative
PT260,n,svp,no,sovinice,conservative
PT1720,n,cds,no,bacharel,conservative
PT2852,n,pr,no,adúltera,conservative
PT385,n,asm,no,otário,conservative
PT125,n,an,no,folharada,conservative
PT435,n,cds,no,falsidade,conservative
PT1944,n,asf,no,mulher,conservative
PT222,n,an,no,muttonhead,conservative
PT137,a,ddp,yes,analfabeto,conservative
PT590,n,an,no,cuckold,conservative
PT704,n,om,no,pederasta,conservative
PT2647,v,asm,no,calotear,conservative
PT2187,n,dmc,yes,preguiçosos,conservative
PT207,n,asm,no,anjinho,conservative
PT2132,a,svp,no,irritadiço,conservative
PT410,n,asf,no,rapariga,conservative
PT756,n,re,no,viloa,conservative
PT2508,n,cds,no,hipersexual,conservative
PT2713,n,cds,no,reclamante,conservative
PT725,n,svp,no,vanglória,conservative
PT504,n,dmc,yes,desonestos,conservative
PT1593,n,dmc,yes,fedor,conservative
PT1110,n,cds,no,resíduo sólido urbano,conservative
PT2046,n,dmc,yes,pseud,conservative
PT934,n,asm,no,instrumento,conservative
PT503,n,an,no,maroto,conservative
PT2034,n,dmc,yes,trapaceiro,conservative
PT325,n,rci,yes,barbárie,conservative
PT210,n,ddp,yes,tolo,conservative
PT1081,n,dmc,yes,impostor,conservative
PT750,n,cds,no,pessoa ociosa,conservative
PT620,n,dmc,yes,trapalhão,conservative
PT1048,n,or,no,paneleiro,conservative
PT2644,v,asm,no,fraudar,conservative
PT1514,a,dmc,yes,inescrupuloso,conservative
PT3025,a,svp,no,vingativo,conservative
PT1956,a,dmc,yes,ávaro,conservative
PT2151,n,cds,no,gatuno,conservative
PT531,n,cds,no,palrador,conservative
PT1419,n,re,no,delinquência,conservative
PT434,n,an,no,garotos de,conservative
PT2329,a,dmc,yes,mal,conservative
PT528,n,ddp,yes,denunciador,conservative
PT810,n,cds,no,bundão,conservative
PT403,n,pr,no,rameira,conservative
PT815,n,an,no,covarde,conservative
PT1765,v,asm,no,montar,conservative
PT2053,a,dmc,yes,indecente,conservative
PT1345,n,dmc,yes,hipocrisia,conservative
PT298,n,ddp,yes,besteira,conservative
PT824,n,ps,yes,parvo,conservative
PT2284,n,cds,no,caipira,conservative
PT767,a,cds,no,desprezível,conservative
PT384,n,cds,no,trouxa,conservative
PT323,n,ps,yes,rústico,conservative
PT403,n,an,no,rameira,conservative
PT3010,a,dmc,yes,libertino,conservative
PT3181,n,cds,no,venalidade,conservative
PT390,n,ddp,yes,compressa quente,conservative
PT1419,n,dmc,yes,delinquência,conservative
PT2809,a,an,no,pecuário,conservative
PT818,n,om,no,piegas,conservative
PT2645,v,asm,no,defraudar,conservative
PT1829,n,pr,no,serviços sexuais,conservative
PT2837,a,re,no,violento,conservative
PT755,n,is,yes,vilã,conservative
PT329,n,qas,no,bárbaros,conservative
PT819,n,ps,yes,idiotice,conservative
PT3026,a,ddp,yes,lerdo,conservative
PT329,n,rci,yes,bárbaros,conservative
PT3009,a,qas,no,patético,conservative
PT532,n,cds,no,fofoqueiro,conservative
PT822,n,ps,yes,changeling,conservative
PT383,n,ddp,yes,fall guy,conservative
PT573,n,cds,no,bastardo,conservative
PT484,a,ddp,yes,pueril,conservative
PT261,n,an,no,pão-duro,conservative
PT1670,n,svp,no,ira,conservative
PT1673,n,dmc,yes,lastimador,conservative
PT3147,n,an,no,hoax,conservative
PT408,n,pr,no,menina,conservative
PT555,n,an,no,nojento,conservative
PT1282,n,ddp,yes,doofus,conservative
PT1350,n,dmc,yes,tartufo,conservative
PT3035,a,ddp,yes,sem cérebro,conservative
PT1146,n,an,no,interesseira,conservative
PT204,n,ddp,yes,idiota,conservative
PT744,n,cds,no,vagabundo,conservative
PT1238,n,cds,no,abate,conservative
PT210,n,ps,yes,tolo,conservative
PT197,n,ddp,yes,burrice,conservative
PT2221,n,an,no,slowpoke,conservative
PT1143,n,ddp,yes,bobeira,conservative
PT432,n,pr,no,floozie,conservative
PT2903,n,cds,no,pesquisador,conservative
PT749,n,svp,no,faz-nada,conservative
PT262,n,is,yes,avaro,conservative
PT864,n,qas,no,desorganizado e bobtail,conservative
PT3053,a,svp,no,vanglorioso,conservative
PT1049,n,or,no,estranho,conservative
PT2712,n,cds,no,moaner,conservative
PT327,n,ps,yes,indivíduo impertinente,conservative
PT2959,a,is,yes,coitado,conservative
PT401,n,cds,no,cafetina,conservative
PT819,n,ddp,yes,idiotice,conservative
PT1689,n,cds,no,camicia nera,conservative
PT728,n,svp,no,altivez,conservative
PT821,n,asf,no,débil mental,conservative
PT3078,n,ddp,yes,grosseiro,conservative
PT430,n,an,no,michê,conservative
PT1368,n,ddp,yes,rabo,conservative
PT2383,n,ps,yes,mestiça,conservative
PT2811,a,cds,no,ranhoso,conservative
PT322,n,ddp,yes,camponês,conservative
PT1267,n,asf,no,simplória,conservative
PT1752,n,svp,no,não conta,conservative
PT1098,n,cds,no,sucata,conservative
PT746,n,dmc,yes,vagabunda,conservative
PT824,n,ddp,yes,parvo,conservative
PT626,n,pa,yes,uncouthness,conservative
PT3056,a,svp,no,imodesto,conservative
PT2477,n,ps,yes,darkey,conservative
PT98,n,cds,no,molenga,conservative
PT1441,n,svp,no,ravenousness,conservative
PT2252,n,cds,no,guarda,conservative
PT523,n,cds,no,criminal,conservative
PT2947,n,cds,no,espertinho,conservative
PT265,n,svp,no,avarento,conservative
PT1554,n,pr,no,comadre,conservative
PT1044,n,or,no,maricas,conservative
PT1979,n,pr,no,disparate,conservative
PT926,n,asm,no,pinto,conservative
PT2123,a,svp,no,invejoso,conservative
PT505,n,re,no,biltre,conservative
PT210,n,cds,no,tolo,conservative
PT1049,n,om,no,estranho,conservative
PT574,n,ddp,yes,retardado,conservative
PT1105,n,cds,no,rsu,conservative
PT3179,a,cds,no,corruptível,conservative
PT2326,a,dmc,yes,maléfico,conservative
PT1250,n,cds,no,dastardliness,conservative
PT1957,a,dmc,yes,tacanho,conservative
PT1046,n,om,no,poof,conservative
PT257,n,svp,no,parcimónia,conservative
PT212,n,an,no,hammerhead,conservative
PT2188,n,cds,no,slacker,conservative
PT812,n,cds,no,wuss,conservative
PT395,n,ddp,yes,joguete,conservative
PT3070,n,re,no,bombismo,conservative
PT385,n,asf,no,otário,conservative
PT319,n,ddp,yes,churl,conservative
PT744,n,dmc,yes,vagabundo,conservative
PT522,n,cds,no,fora-da-lei,conservative
PT1360,n,ddp,yes,cu,conservative
PT1347,n,dmc,yes,hipócrita,conservative
PT2428,n,asm,no,flouter,conservative
PT287,n,svp,no,scrooge,conservative
PT1091,n,ddp,yes,curandeirismo,conservative
PT2448,n,ps,yes,amarelos,conservative
PT2616,v,qas,no,fazer às pressas,conservative
PT530,n,ddp,yes,fofoqueira,conservative
PT205,n,ddp,yes,bobo,conservative
PT1753,n,svp,no,imprestável,conservative
PT385,n,ps,yes,otário,conservative
PT2438,n,cds,no,charada,conservative
PT620,n,ddp,yes,trapalhão,conservative
PT263,n,an,no,avarenta,conservative
PT485,n,dmc,yes,intolerante,conservative
PT2005,n,an,no,incompetente,conservative
PT219,n,an,no,ignorante,conservative
PT1045,n,or,no,manutenção,conservative
PT1440,n,an,no,anão,conservative
PT374,n,an,no,predador,conservative
PT813,n,an,no,fracote,conservative
PT3040,n,re,no,estupradora,conservative
PT327,n,dmc,yes,indivíduo impertinente,conservative
PT739,n,dmc,yes,git,conservative
PT319,n,rci,yes,churl,conservative
PT206,n,cds,no,paspalhão,conservative
PT2652,n,qas,no,perturbador,conservative
PT1056,n,om,no,homo,conservative
PT463,n,qas,no,história,conservative
PT1800,a,cds,no,esperto,conservative
PT2751,n,asm,no,masturbação,conservative
PT1169,n,asm,no,masturbar-,conservative
PT573,n,ddp,yes,bastardo,conservative
PT205,n,ps,yes,bobo,conservative
PT1170,n,asm,no,punheteiro,conservative
PT2990,a,ps,yes,lívido,conservative
PT1044,n,om,no,maricas,conservative
PT610,n,cds,no,blowhard,conservative
PT486,n,svp,no,fanático,conservative
PT485,n,cds,no,intolerante,conservative
PT392,n,ddp,yes,agrião-mouro,conservative
PT433,n,pr,no,acompanhante masculino,conservative
PT480,a,ddp,yes,sonso,conservative
PT1702,n,asf,no,bosseta,conservative
PT2134,n,cds,no,mussiness,conservative
PT1009,n,asm,no,cópula,conservative
PT127,n,asf,no,folderol,conservative
PT756,n,an,no,viloa,conservative
PT2005,n,ddp,yes,incompetente,conservative
PT1676,n,svp,no,dilly-dallier,conservative
PT325,n,an,no,barbárie,conservative
PT1701,n,asf,no,xoxinha,conservative
PT423,n,an,no,gigolo,conservative
PT627,n,ddp,yes,zooerasty,conservative
PT304,a,an,no,ávido,conservative
PT95,n,an,no,armaceiro,conservative
PT633,n,an,no,ferocidade,conservative
PT2527,n,re,no,terrorista,conservative
PT1171,n,ddp,yes,twirp,conservative
PT2571,n,ddp,yes,twaddler,conservative
PT864,n,ddp,yes,desorganizado e bobtail,conservative
PT325,n,ddp,yes,barbárie,conservative
PT1980,n,ddp,yes,nonsensicality,conservative
PT1690,n,cds,no,fascistas,conservative
PT856,n,cds,no,scammer,conservative
PT469,n,dmc,yes,fabricador,conservative
PT2315,a,dmc,yes,feroz,conservative
PT287,n,is,yes,scrooge,conservative
PT220,n,ddp,yes,lunkhead,conservative
PT201,n,asm,no,estúpido,conservative
PT1082,n,ddp,yes,curandeiro,conservative
PT2755,a,cds,no,ufano,conservative
PT1279,n,ps,yes,basbaque,conservative
PT214,n,or,no,fuckhead,conservative
PT2325,a,dmc,yes,maléfica,conservative
PT2476,n,ps,yes,darkie,conservative
PT936,n,asm,no,picha,conservative
PT96,n,cds,no,preguiçoso,conservative
PT1308,n,an,no,diddly-squat,conservative
PT55,n,cds,no,amadorismo,conservative
PT320,n,rci,yes,cafajeste,conservative
PT199,n,asf,no,bêtise,conservative
PT1956,a,svp,no,ávaro,conservative
PT389,n,ddp,yes,pillock,conservative
PT2282,n,dmc,yes,descortesia,conservative
PT385,n,cds,no,otário,conservative
PT1283,n,ps,yes,ruiner,conservative
PT425,n,pr,no,gigolô,conservative
PT1740,n,cds,no,bisbilhotar,conservative
PT941,n,cds,no,diabinho,conservative
PT817,n,cds,no,medroso,conservative
PT1513,a,dmc,yes,grosseiro,conservative
PT1144,n,an,no,sirigaita,conservative
PT201,n,ddp,yes,estúpido,conservative
PT2079,n,cds,no,empréstimo de dinheiro,conservative
PT97,n,cds,no,moleirão,conservative
PT321,n,ddp,yes,bárbaro,conservative
PT386,n,asm,no,toque suave,conservative
PT632,n,an,no,bestialidade,conservative
PT176,n,re,no,difamação,conservative
PT2698,a,pa,yes,petimetre,conservative
PT1271,a,ddp,yes,cândido,conservative
PT1405,n,svp,no,comilão,conservative
PT1557,n,pr,no,chefa,conservative
PT504,n,cds,no,desonestos,conservative
PT1268,n,cds,no,simplório,conservative
PT2996,a,ddp,yes,fátuo,conservative
PT3212,n,dmc,yes,rebelde,conservative
PT321,n,ps,yes,bárbaro,conservative
PT2966,n,cds,no,capanga,conservative
PT2904,n,cds,no,polidor de maçã,conservative
PT2187,n,svp,no,preguiçosos,conservative
PT2919,a,ddp,yes,retardado,conservative
PT11,n,svp,no,indolência,conservative
PT3180,a,cds,no,desonesto,conservative
PT1222,n,asf,no,xana,conservative
PT375,n,an,no,saqueador,conservative
PT2283,n,dmc,yes,rude,conservative
PT2473,n,ps,yes,jigaboo,conservative
PT1705,n,asf,no,vaginal,conservative
PT201,n,cds,no,estúpido,conservative
PT1700,n,asf,no,xereca,conservative
PT386,n,cds,no,toque suave,conservative
PT206,n,ddp,yes,paspalhão,conservative
PT1007,n,asm,no,sexo,conservative
PT725,n,cds,no,vanglória,conservative
PT1704,n,asf,no,xoxotinha,conservative
PT1985,n,ddp,yes,absurdo,conservative
PT1203,n,cds,no,rookie,conservative
PT327,n,pa,yes,indivíduo impertinente,conservative
PT1943,n,asf,no,franguinha,conservative
PT2153,n,cds,no,chouriço,conservative
PT2253,n,cds,no,oficial,conservative
PT217,n,ps,yes,burro,conservative
PT1668,n,svp,no,fúria,conservative
PT859,n,cds,no,defraudador,conservative
PT203,n,ddp,yes,fathead,conservative
PT2504,n,cds,no,ninfomaníaca,conservative
PT95,n,svp,no,armaceiro,conservative
PT2284,n,dmc,yes,caipira,conservative
PT259,n,an,no,muquirana,conservative
PT553,n,an,no,porco,conservative
PT2960,a,is,yes,azarado,conservative
PT1081,n,ddp,yes,impostor,conservative
PT2027,n,svp,no,intolerância,conservative
PT212,n,asf,no,hammerhead,conservative
PT1711,a,dmc,yes,fétido,conservative
PT2686,a,cds,no,exigente,conservative
PT222,n,asf,no,muttonhead,conservative
PT264,n,an,no,mão-de-vaca,conservative
PT3055,a,svp,no,soberbo,conservative
PT1775,v,asm,no,trepar,conservative
PT1464,a,qas,no,insano,conservative
PT618,n,ddp,yes,fumbler,conservative
PT2333,a,dmc,yes,monstruoso,conservative
PT767,a,dmc,yes,desprezível,conservative
PT635,n,ddp,yes,brutalidade,conservative
PT1419,n,cds,no,delinquência,conservative
PT417,n,pr,no,escória,conservative
PT208,n,an,no,saphead,conservative
PT1889,n,cds,no,pessoas,conservative
PT421,n,pr,no,oferecida,conservative
PT1440,n,ddf,yes,anão,conservative
PT2452,n,ps,yes,mongoloide,conservative
PT2828,a,svp,no,convencido,conservative
PT758,n,cds,no,vilões,conservative
PT483,a,ddp,yes,imaturo,conservative
PT2061,a,ddp,yes,incapaz,conservative
PT753,n,cds,no,vilanismo,conservative
PT76,n,cds,no,amor próprio,conservative
PT1518,n,dmc,yes,debochado,conservative
PT3037,n,re,no,raper,conservative
PT2062,a,ddp,yes,incompetente,conservative
PT620,n,qas,no,trapalhão,conservative
PT2460,n,cds,no,metade-pinta,conservative
PT505,n,cds,no,biltre,conservative
PT470,n,cds,no,gracejador,conservative
PT1052,n,or,no,gay,conservative
PT2356,n,cds,no,superbia,conservative
PT727,n,cds,no,arrogância,conservative
PT992,n,cds,no,povo,conservative
PT1418,n,re,no,delinquente,conservative
PT385,n,an,no,otário,conservative
PT2238,n,cds,no,knurd,conservative
PT2033,n,cds,no,scrawler,conservative
PT420,n,pr,no,piranha,conservative
PT616,n,qas,no,conformista,conservative
PT3013,n,cds,no,wonk,conservative
PT471,n,dmc,yes,mentiroso,conservative
PT1732,n,ddp,yes,pentelho,conservative
PT823,n,ps,yes,changelings,conservative
PT1041,n,om,no,veado,conservative
PT1512,a,qas,no,triste,conservative
PT726,n,svp,no,jactância,conservative
PT1305,n,an,no,diddlyshit,conservative
PT932,n,asm,no,verga,conservative
PT1761,n,cds,no,reaccionário,conservative
PT1776,v,asm,no,pinar,conservative
PT1830,n,pr,no,putaria,conservative
PT839,n,cds,no,impudência,conservative
PT2856,a,svp,no,danoso,conservative
PT2331,a,dmc,yes,atroz,conservative
PT2254,n,cds,no,polícia,conservative
PT1074,n,ddp,yes,indiscreto,conservative
PT383,n,an,no,fall guy,conservative
PT461,n,cds,no,conto,conservative
PT428,n,pr,no,mulherinha,conservative
PT1064,n,cds,no,gossiper,conservative
PT752,n,an,no,vilão,conservative
PT1893,n,cds,no,hoi polloi,conservative
PT744,n,svp,no,vagabundo,conservative
PT730,n,cds,no,orgulho,conservative
PT327,n,ddp,yes,indivíduo impertinente,conservative
PT131,n,dmc,yes,fanatismo,conservative
PT2280,n,qas,no,parasita,conservative
PT198,n,asf,no,estupidez,conservative
PT2260,n,re,no,mafia siciliana,conservative
PT384,n,an,no,trouxa,conservative
PT1758,n,svp,no,goof-off,conservative
PT634,n,ddp,yes,crueldade,conservative
PT321,n,cds,no,bárbaro,conservative
PT827,n,ddp,yes,cretino,conservative
PT298,n,an,no,besteira,conservative
PT631,n,ddp,yes,bestialismo,conservative
PT1012,n,asm,no,maldito,conservative
PT745,n,dmc,yes,vagabundos,conservative
PT210,n,an,no,tolo,conservative
PT1047,n,or,no,queer,conservative
PT1276,n,dmc,yes,assaltante,conservative
PT754,n,dmc,yes,vilânia,conservative
PT257,n,an,no,parcimónia,conservative
PT387,n,asf,no,patsy,conservative
PT429,n,an,no,rentboy,conservative
PT865,n,cds,no,ralé,conservative
PT1268,n,an,no,simplório,conservative
PT1588,n,dmc,yes,feder,conservative
PT1010,n,asm,no,trepada,conservative
PT2468,a,cds,no,egocêntrico,conservative
PT1237,n,qas,no,abater,conservative
PT124,a,svp,no,agressivo,conservative
PT753,n,dmc,yes,vilanismo,conservative
PT758,n,is,yes,vilões,conservative
PT2036,a,dmc,yes,imoral,conservative
PT388,n,asm,no,pessoa estúpida,conservative
PT207,n,an,no,anjinho,conservative
PT2650,n,qas,no,desordeiro,conservative
PT2854,n,pr,no,patetice,conservative
PT1090,n,ddp,yes,empirismo,conservative
PT286,n,is,yes,sovina,conservative
PT854,n,dmc,yes,chiseller,conservative
PT2241,n,cds,no,nerd,conservative
PT609,n,cds,no,pimpão,conservative
PT2135,n,cds,no,desordem,conservative
PT1282,n,asf,no,doofus,conservative
PT304,a,dmc,yes,ávido,conservative
PT201,n,an,no,estúpido,conservative
PT324,n,cds,no,selvagem,conservative
PT209,n,cds,no,imbecil,conservative
PT77,n,cds,no,presunção,conservative
PT530,n,cds,no,fofoqueira,conservative
PT78,n,cds,no,vaidade,conservative
PT1516,n,dmc,yes,libertino,conservative
PT2114,a,om,no,homo,conservative
PT768,a,ddf,yes,vil,conservative
PT1408,n,svp,no,gourmandizer,conservative
PT1218,n,asf,no,conas,conservative
PT3171,n,an,no,bruxa,conservative
PT225,n,ddp,yes,não sabe nada,conservative
PT1539,n,cds,no,chulo,conservative
PT1086,n,ddp,yes,mata-sanos,conservative
PT508,n,re,no,canalha,conservative
PT480,a,cds,no,sonso,conservative
PT1127,n,dmc,yes,engano,conservative
PT320,n,dmc,yes,cafajeste,conservative
PT514,n,cds,no,criminoso,conservative
PT284,n,is,yes,cheapskate,conservative
PT2754,a,cds,no,altivo,conservative
PT62,n,asf,no,idiotia,conservative
PT64,n,ps,yes,amência,conservative
PT727,n,svp,no,arrogância,conservative
PT263,n,is,yes,avarenta,conservative
PT432,n,an,no,floozie,conservative
PT219,n,ddp,yes,ignorante,conservative
PT2261,n,cds,no,mafiosos,conservative
PT1955,a,dmc,yes,paroquial,conservative
PT620,n,cds,no,trapalhão,conservative
PT1796,a,cds,no,matreiro,conservative
PT1314,n,an,no,doodly-squat,conservative
PT2810,a,an,no,animal,conservative
PT931,n,asm,no,rola,conservative
PT929,n,asm,no,ferramenta,conservative
PT1062,n,cds,no,gossipmonger,conservative
PT1258,n,pr,no,amante,conservative
PT636,n,an,no,selvageria,conservative
PT2055,n,dmc,yes,pessoa que tergiversa,conservative
PT463,n,cds,no,história,conservative
PT481,a,ddp,yes,imatura,conservative
PT1891,n,cds,no,plebe,conservative
PT404,n,pr,no,peripatética,conservative
PT383,n,asf,no,fall guy,conservative
PT1045,n,om,no,manutenção,conservative
PT1797,a,cds,no,ladino,conservative
PT662,n,an,no,vaca,conservative
PT1758,n,dmc,yes,goof-off,conservative
PT756,n,cds,no,viloa,conservative
PT1545,n,cds,no,pandar,conservative
PT818,n,an,no,piegas,conservative
PT742,n,dmc,yes,lowlife,conservative
PT383,n,asm,no,fall guy,conservative
PT2427,n,asm,no,jeerer,conservative
PT855,n,cds,no,chiseler,conservative
PT1002,n,asm,no,nookie,conservative
PT461,n,qas,no,conto,conservative
PT1793,n,cds,no,escritor corte,conservative
PT1063,n,cds,no,rumourmonger,conservative
PT1073,n,dmc,yes,traidor,conservative
PT320,n,ddp,yes,cafajeste,conservative
PT312,n,dmc,yes,facínora,conservative
PT752,n,is,yes,vilão,conservative
PT2997,a,ddp,yes,bobo,conservative
PT182,n,re,no,estuprar,conservative
PT202,n,ddp,yes,asno,conservative
PT1254,n,cds,no,demagogia,conservative
PT633,n,ddp,yes,ferocidade,conservative
PT506,n,dmc,yes,patife,conservative
PT3024,a,svp,no,vingador,conservative
PT1757,n,svp,no,estouvada,conservative
PT215,n,an,no,pateta,conservative
PT734,n,svp,no,vaidoso,conservative
PT329,n,pa,yes,bárbaros,conservative
PT1216,n,asf,no,xoxota,conservative
PT582,n,re,no,chantagear,conservative
PT2150,n,cds,no,diretora de pensionato,conservative
PT2598,n,qas,no,mentirona,conservative
PT629,n,ddp,yes,zoofilia,conservative
PT2756,a,cds,no,presunçoso,conservative
PT1060,n,or,no,sapatão,conservative
PT324,n,qas,no,selvagem,conservative
PT2272,n,an,no,gordão,conservative
PT1439,n,ddf,yes,nanus,conservative
PT933,n,asm,no,vara,conservative
PT489,n,cds,no,gangues,conservative
PT1278,n,ps,yes,palhaço,conservative
PT419,n,pr,no,periguete,conservative
PT1739,n,cds,no,bisbilhoteiro,conservative
PT264,n,svp,no,mão-de-vaca,conservative
PT751,n,cds,no,layabout,conservative
PT1043,n,or,no,bicha,conservative
PT1537,n,cds,no,fanática,conservative
PT1410,n,svp,no,guloso,conservative
PT939,n,asm,no,pica,conservative
PT2677,v,asm,no,simular,conservative
PT1396,n,cds,no,raposo,conservative
PT1057,n,or,no,homófilas,conservative
PT1253,n,cds,no,demagogo,conservative
PT2319,a,dmc,yes,brutal,conservative
PT729,n,svp,no,elevado-high-handedness,conservative
PT2618,n,qas,no,sanguessuga,conservative
PT2250,n,cds,no,policial,conservative
PT127,n,cds,no,folderol,conservative
PT1219,n,or,no,vagina,conservative
PT1220,n,asf,no,rata,conservative
PT743,n,an,no,fulano,conservative
PT3186,n,cds,no,poltrão,conservative
PT811,n,cds,no,pessoa fraca,conservative
PT2451,n,ps,yes,mongólico,conservative
PT320,n,pa,yes,cafajeste,conservative
PT2386,n,ps,yes,mestizo,conservative
PT260,n,an,no,sovinice,conservative
PT1252,n,cds,no,agitador,conservative
PT1269,n,or,no,matarruano,conservative
PT947,n,cds,no,problema,conservative
PT2965,n,cds,no,capangas,conservative
PT1890,n,cds,no,gente,conservative
PT2678,n,cds,no,pedante,conservative
PT1738,n,cds,no,importuno,conservative
PT1313,n,an,no,diddlysquat,conservative
PT3061,n,re,no,terroristas,conservative
PT1555,n,pr,no,directoria,conservative
PT78,n,svp,no,vaidade,conservative
PT1001,n,asm,no,foder,conservative
PT1082,n,cds,no,curandeiro,conservative
PT507,n,re,no,bilontra,conservative
PT742,n,an,no,lowlife,conservative
PT2752,n,cds,no,punheta,conservative
PT2606,v,qas,no,baralhar,conservative
PT1987,n,ddp,yes,sem sentido,conservative
PT217,n,asf,no,burro,conservative
PT2961,a,qas,no,pobre,conservative
PT3063,n,re,no,terrorismo,conservative
PT1149,n,an,no,dar o fora em,conservative
PT507,n,cds,no,bilontra,conservative
PT1678,n,cds,no,mafioso,conservative
PT577,n,ddp,yes,bobão,conservative
PT307,a,svp,no,avaro,conservative
PT1079,n,cds,no,cobardia,conservative
PT409,n,an,no,puta,conservative
PT505,n,dmc,yes,biltre,conservative
PT2189,n,dmc,yes,mandrião,conservative
PT1268,n,or,no,simplório,conservative
PT2506,n,cds,no,ninfomania,conservative
PT222,n,ddp,yes,muttonhead,conservative
PT3009,a,is,yes,patético,conservative
PT322,n,dmc,yes,camponês,conservative
PT321,n,rci,yes,bárbaro,conservative
PT726,n,cds,no,jactância,conservative
PT204,n,asf,no,idiota,conservative
PT1735,n,cds,no,curioso-parker,conservative
PT1278,n,ddp,yes,palhaço,conservative
PT629,n,an,no,zoofilia,conservative
PT1594,n,dmc,yes,pejo,conservative
PT1669,n,svp,no,raiva,conservative
PT765,a,dmc,yes,ruim,conservative
PT2007,a,ddp,yes,iletrado,conservative
PT553,n,cds,no,porco,conservative
PT2699,a,cds,no,pedante,conservative
PT215,n,asf,no,pateta,conservative
PT3122,n,pr,no,hellcat,conservative
PT734,n,cds,no,vaidoso,conservative
PT486,n,dmc,yes,fanático,conservative
PT221,n,or,no,bonehead,conservative
PT2918,a,dmc,yes,errado,conservative
PT319,n,cds,no,churl,conservative
PT864,n,an,no,desorganizado e bobtail,conservative
PT205,n,asf,no,bobo,conservative
PT386,n,ddp,yes,toque suave,conservative
PT2584,n,cds,no,usura,conservative
PT2122,a,svp,no,ciumento,conservative
PT205,n,asm,no,bobo,conservative
PT755,n,dmc,yes,vilã,conservative
PT1241,n,cds,no,brincalhão,conservative
PT1824,n,qas,no,tagalong,conservative
PT816,n,cds,no,medricas,conservative
PT213,n,an,no,knucklehead,conservative
PT739,n,cds,no,git,conservative
PT123,a,svp,no,beligerante,conservative
PT1051,n,om,no,lésbica,conservative
PT861,n,cds,no,imprudência,conservative
PT3146,n,an,no,farsa internet,conservative
PT1752,n,dmc,yes,não conta,conservative
PT3171,n,pr,no,bruxa,conservative
PT2382,n,ps,yes,meia-casta,conservative
PT436,n,cds,no,mentira,conservative
PT1691,n,cds,no,fascismo,conservative
PT2960,a,qas,no,azarado,conservative
PT1831,n,pr,no,prostituição,conservative
PT556,n,an,no,pessoa desleixada,conservative
PT616,n,cds,no,conformista,conservative
PT2044,n,dmc,yes,pseudo,conservative
PT415,n,pr,no,meretriz,conservative
PT2054,n,dmc,yes,mentirosa,conservative
PT1047,n,om,no,queer,conservative
PT2680,n,cds,no,sabe tudo,conservative
PT531,n,ddp,yes,palrador,conservative
PT930,n,asm,no,pénis,conservative
PT2239,n,cds,no,nerds,conservative
PT186,n,cds,no,astúcia,conservative
PT1398,n,cds,no,matreiro,conservative
PT3123,n,pr,no,harpia,conservative
PT553,n,dmc,yes,porco,conservative
PT865,n,an,no,ralé,conservative
PT1709,a,dmc,yes,malcheiroso,conservative
PT1438,n,ddf,yes,anã,conservative
PT209,n,ps,yes,imbecil,conservative
PT520,n,cds,no,criminosa,conservative
PT200,av,an,no,estupidamente,conservative
PT743,n,dmc,yes,fulano,conservative
PT126,n,asf,no,codswallop,conservative
PT213,n,or,no,knucklehead,conservative
PT1772,v,asm,no,meter,conservative
PT2074,n,cds,no,usureiro,conservative
PT1774,v,asm,no,faturar,conservative
PT259,n,is,yes,muquirana,conservative
PT198,n,an,no,estupidez,conservative
PT3079,n,ddp,yes,casmurro,conservative
PT217,n,an,no,burro,conservative
PT1088,n,ddp,yes,charlatanismo,conservative
PT3211,n,dmc,yes,vira-casaca,conservative
PT2746,a,svp,no,irritado,conservative
PT320,n,cds,no,cafajeste,conservative
PT1956,a,is,yes,ávaro,conservative
PT407,n,pr,no,vadia,conservative
PT2962,a,qas,no,miserável,conservative
PT2056,n,svp,no,pessoa l,conservative
PT317,n,cds,no,banditismo,conservative
PT211,n,an,no,shithead,conservative
PT1222,n,or,no,xana,conservative
PT1549,n,cds,no,cafetinagem,conservative
PT818,n,cds,no,piegas,conservative
PT749,n,cds,no,faz-nada,conservative
PT2319,a,an,no,brutal,conservative
PT1269,n,cds,no,matarruano,conservative
PT1768,v,asm,no,conhecer,conservative
PT1823,n,qas,no,filão,conservative
PT1058,n,om,no,homossexual,conservative
PT555,n,cds,no,nojento,conservative
PT261,n,is,yes,pão-duro,conservative
PT1269,n,an,no,matarruano,conservative
PT923,n,an,no,obscenidades,conservative
PT323,n,qas,no,rústico,conservative
PT1125,n,cds,no,wiliness,conservative
PT2617,v,qas,no,borrar,conservative
PT390,n,or,no,compressa quente,conservative
PT2012,n,cds,no,pompa,conservative
PT2752,n,asm,no,punheta,conservative
PT742,n,cds,no,lowlife,conservative
PT864,n,cds,no,desorganizado e bobtail,conservative
PT415,n,an,no,meretriz,conservative
PT2319,a,ddp,yes,brutal,conservative
PT3077,n,ddp,yes,rabugento,conservative
PT916,n,svp,no,parcimônia,conservative
PT2072,n,cds,no,agiotas,conservative
PT2698,a,cds,no,petimetre,conservative
PT486,n,cds,no,fanático,conservative
PT197,n,asf,no,burrice,conservative
PT1004,n,asm,no,rolar no feno,conservative
PT1978,n,ddp,yes,arsehole,conservative
PT323,n,ddp,yes,rústico,conservative
PT322,n,cds,no,camponês,conservative
PT2906,a,dmc,yes,sujo,conservative
PT1803,n,cds,no,réprobo,conservative
PT3207,n,dmc,yes,apóstata,conservative
PT2585,n,ps,yes,vândalo,conservative
PT574,n,cds,no,retardado,conservative
PT95,n,cds,no,armaceiro,conservative
PT327,n,qas,no,indivíduo impertinente,conservative
PT863,n,cds,no,insolência,conservative
PT2237,n,cds,no,nerdi,conservative
